{
  "lexicon": 1,
  "id": "org.openassociation.knowledge.recipeExchange",
  "defs": {
    "main": {
      "type": "record",
      "description": "Specifies an exchange type agreement as part of a recipe.",
      "key": "tid",
      "record": {
        "type": "object",
        "properties": {
          "recipeStipulates": {
            "type": "array",
            "items": {
              "type": "string",
              "format": "at-uri"
            },
            "description": "All the primary clauses of a recipe exchange."
          },
          "recipeStipulatesReciprocal": {
            "type": "array",
            "items": {
              "type": "string",
              "format": "at-uri"
            },
            "description": "All the reciprocal clauses of a recipe exchange."
          },
          "name": {
            "type": "string",
            "description": "An informal or formal textual identifier for an object. Does not imply uniqueness.",
            "maxGraphemes": 640
          },
          "note": {
            "type": "string",
            "description": "Any useful textual information related to the item.",
            "maxGraphemes": 10000
          }
        }
      }
    }
  }
}
