{
  "lexicon": 1,
  "id": "org.openassociation.economicResource",
  "defs": {
    "main": {
      "type": "record",
      "description": "Economic or environmental things (material or digital), media of exchange, which agents agree should be accounted for and which can be inventoried.",
      "key": "tid",
      "record": {
        "type": "object",
        "properties": {
          "containedIn": {
            "type": "array",
            "items": {
              "type": "string",
              "format": "at-uri"
            },
            "description": "Used when an economic resource contains units also defined as separate economic resources, for example a tool kit or a package of resources for shipping."
          },
          "contains": {
            "type": "array",
            "items": {
              "type": "string",
              "format": "at-uri"
            },
            "description": "An economic resource contains at least one other economic resource, for example a tool kit or package of resources for shipping."
          },
          "primaryAccountable": {
            "type": "string",
            "format": "did",
            "description": "The agent currently with primary rights and responsibilites for the economic resource. It is the agent that is associated with the accountingQuantity of the economic resource."
          },
          "accountingQuantity": {
            "type": "ref",
            "ref": "#measure",
            "description": "The current amount and unit of the economic resource for which the agent has primary rights and responsibilities, sometimes thought of as ownership. This can be either stored or derived from economic events affecting the resource."
          },
          "onhandQuantity": {
            "type": "ref",
            "ref": "#measure",
            "description": "The current amount and unit of the economic resource which is under direct control of the agent.  It may be more or less than the accounting quantity. This can be either stored or derived from economic events affecting the resource."
          },
          "currentLocation": {
            "type": "object",
            "description": "The current physical location of an economic resource.",
            "properties": {
              "lat": { "type": "string", "description": "WGS84 latitude (decimal degrees)." },
              "long": { "type": "string", "description": "WGS84 longitude (decimal degrees)." },
              "alt": { "type": "string", "description": "WGS84 altitude (decimal meters above the local reference ellipsoid)." },
              "mappableAddress": { "type": "string", "description": "A textual address that can be mapped using mapping software." },
              "name": { "type": "string", "description": "An informal or formal textual identifier for the location." }
            }
          },
          "currentVirtualLocation": {
            "type": "string",
            "format": "uri",
            "description": "The current virtual place a digital economic resource is located. Usually used for documents, code, or other electronic resource."
          },
          "currentCurrencyLocation": {
            "type": "string",
            "description": "The current virtual place a currency economic resource is located, for example the address for a bank account, crypto wallet, etc., in a domain standard format."
          },
          "image": {
            "type": "string",
            "format": "uri",
            "description": "The uri to an image relevant to the entity, such as a logo, avatar, photo, diagram, etc."
          },
          "imageList": {
            "type": "array",
            "items": {
              "type": "string",
              "format": "uri"
            },
            "description": "A comma separated list of uri addresses to images relevant to the resource."
          },
          "name": {
            "type": "string",
            "description": "An informal or formal textual identifier for an object. Does not imply uniqueness.",
            "maxGraphemes": 640
          },
          "note": {
            "type": "string",
            "description": "Any useful textual information related to the item.",
            "maxGraphemes": 10000
          },
          "trackingIdentifier": {
            "type": "string",
            "description": "Any identifier used to track a singular resource, such as a serial number or VIN."
          },
          "ofBatchLot": {
            "type": "object",
            "description": "The batch lot record of this resource, if it is a batch or lot resource.",
            "properties": {
              "batchLotCode": { "type": "string", "description": "The code or identifier for this batch or lot." },
              "expirationDate": { "type": "string", "format": "datetime", "description": "The date after which the resource should no longer be used or consumed." }
            }
          },
          "unitOfEffort": {
            "type": "object",
            "description": "The unit used for use or work or sometimes cite actions.",
            "properties": {
              "unitLabel": {
                "type": "string",
                "description": "The display label of the unit (e.g. 'kilogram', 'hour')."
              },
              "unitSymbol": {
                "type": "string",
                "description": "The display symbol of the unit (e.g. 'kg', 'h')."
              }
            }
          },
          "classifiedAs": {
            "type": "array",
            "items": {
              "type": "string"
            },
            "description": "References one or more uri's for a concept in a common taxonomy or other classification scheme for purposes of categorization or grouping; or it can be one or more string classifications such as tags."
          },
          "conformsTo": {
            "type": "object",
            "description": "The primary resource specification or definition of an existing or potential economic resource.",
            "properties": {
              "name": {
                "type": "string",
                "description": "Display name of the resource specification."
              },
              "uri": {
                "type": "string",
                "format": "at-uri",
                "description": "AT-URI link to the ResourceSpecification record."
              }
            }
          },
          "stage": {
            "type": "string",
            "format": "at-uri",
            "description": "The required stage of the desired input economic resource. References the ProcessSpecification of the last process the economic resource went through."
          },
          "state": {
            "type": "string",
            "description": "The required state of the desired input economic resource, after coming out of a test or review process."
          }
        }
      }
    },
    "measure": {
      "type": "object",
      "description": "A quantity expressed as a numeric value with a unit of measure. AT Protocol does not support floats, so the value is represented as numerator/denominator integers.",
      "required": [
        "hasNumericalValue"
      ],
      "properties": {
        "hasNumericalValue": {
          "type": "integer",
          "description": "The numeric value (numerator)."
        },
        "hasDenominator": {
          "type": "integer",
          "description": "The denominator for fractional values. Default 1 if omitted."
        },
        "unitLabel": {
          "type": "string",
          "description": "The display label of the unit of measure (e.g. 'kilogram', 'hour')."
        },
        "unitSymbol": {
          "type": "string",
          "description": "The display symbol of the unit of measure (e.g. 'kg', 'h')."
        }
      }
    }
  }
}
