{
  "lexicon": 1,
  "id": "org.openassociation.defs",
  "defs": {
    "measure": {
      "type": "object",
      "description": "A quantity expressed as a numeric value with a unit of measure. AT Protocol does not support floats, so the value is represented as numerator/denominator integers.",
      "required": [
        "hasNumericalValue"
      ],
      "properties": {
        "hasNumericalValue": {
          "type": "integer",
          "description": "The numeric value (numerator)."
        },
        "hasDenominator": {
          "type": "integer",
          "description": "The denominator for fractional values. Default 1 if omitted."
        },
        "hasUnit": {
          "type": "string",
          "format": "at-uri",
          "description": "Reference to a Unit record."
        }
      }
    }
  }
}
