{
  "lexicon": 1,
  "id": "org.openassociation.planning.proposalList",
  "defs": {
    "main": {
      "type": "record",
      "description": "A grouping of proposals, for publishing as a list.",
      "key": "tid",
      "record": {
        "type": "object",
        "properties": {
          "created": {
            "type": "string",
            "format": "datetime",
            "description": "The date, and time if desired, the information was agreed to or recorded."
          },
          "name": {
            "type": "string",
            "description": "An informal or formal textual identifier for an object. Does not imply uniqueness.",
            "maxGraphemes": 640
          },
          "note": {
            "type": "string",
            "description": "Any useful textual information related to the item.",
            "maxGraphemes": 10000
          },
          "proposedTo": {
            "type": "array",
            "items": {
              "type": "string",
              "format": "did"
            },
            "description": "The agent(s) to which the proposal or proposal list is published."
          },
          "lists": {
            "type": "array",
            "items": {
              "type": "string",
              "format": "at-uri"
            },
            "description": "All the proposals included in this proposal list."
          }
        }
      }
    }
  }
}
