{
  "lexicon": 1,
  "id": "org.openassociation.knowledge.spatialThing",
  "defs": {
    "main": {
      "type": "record",
      "description": "Data that locates something relative to the Earth, usually a somewhat fixed location.",
      "key": "tid",
      "record": {
        "type": "object",
        "properties": {
          "long": {
            "type": "string",
            "description": "The WGS84 longitude of a spatial thing (decimal degrees)."
          },
          "lat": {
            "type": "string",
            "description": "The WGS84 latitude of a spatial thing (decimal degrees)."
          },
          "alt": {
            "type": "string",
            "description": "The WGS84 altitude of a spatial thing (decimal meters above the local reference ellipsoid)"
          },
          "mappableAddress": {
            "type": "string",
            "description": "A textual address that can be mapped using mapping software."
          },
          "hasDetailedGeometry": {
            "type": "string",
            "description": "A spatial geometry of any complexity and tooling supported by geosparql."
          },
          "name": {
            "type": "string",
            "description": "An informal or formal textual identifier for an object. Does not imply uniqueness.",
            "maxGraphemes": 640
          },
          "note": {
            "type": "string",
            "description": "Any useful textual information related to the item.",
            "maxGraphemes": 10000
          }
        }
      }
    }
  }
}
