{
  "lexicon": 1,
  "id": "org.openassociation.planning.agreement",
  "defs": {
    "main": {
      "type": "record",
      "description": "A set of reciprocal commitments among economic agents, and/or a set of reciprocal economic events.",
      "key": "tid",
      "record": {
        "type": "object",
        "properties": {
          "created": {
            "type": "string",
            "format": "datetime",
            "description": "The date, and time if desired, the information was agreed to or recorded."
          },
          "name": {
            "type": "string",
            "description": "An informal or formal textual identifier for an object. Does not imply uniqueness.",
            "maxGraphemes": 640
          },
          "note": {
            "type": "string",
            "description": "Any useful textual information related to the item.",
            "maxGraphemes": 10000
          },
          "stipulates": {
            "type": "array",
            "items": {
              "type": "string",
              "format": "at-uri"
            },
            "description": "All the primary commitments that constitute the agreement."
          },
          "stipulatesReciprocal": {
            "type": "array",
            "items": {
              "type": "string",
              "format": "at-uri"
            },
            "description": "All the reciprocal commitments that constitute the agreement."
          },
          "realizes": {
            "type": "array",
            "items": {
              "type": "string",
              "format": "at-uri"
            },
            "description": "All the non-reciprocal economic events (with or without commitments) that realize the agreement."
          },
          "realizesReciprocal": {
            "type": "array",
            "items": {
              "type": "string",
              "format": "at-uri"
            },
            "description": "All the reciprocal economic events (with or without commitments) that realize the agreement."
          },
          "bundledIn": {
            "type": "string",
            "format": "at-uri",
            "description": "This agreement is bundled with other agreements, for example in an order."
          }
        }
      }
    }
  }
}
