{
  "lexicon": 1,
  "id": "org.openassociation.knowledge.recipeProcess",
  "defs": {
    "main": {
      "type": "record",
      "description": "Specifies a process in a recipe for use in planning from recipe.",
      "key": "tid",
      "record": {
        "type": "object",
        "properties": {
          "hasRecipeInput": {
            "type": "array",
            "items": {
              "type": "string",
              "format": "at-uri"
            },
            "description": "All the inputs of a recipe process."
          },
          "hasRecipeOutput": {
            "type": "array",
            "items": {
              "type": "string",
              "format": "at-uri"
            },
            "description": "All the outputs of a recipe process."
          },
          "hasDuration": {
            "type": "ref",
            "ref": "org.openassociation.defs#measure",
            "description": "The temporal extent of the process."
          },
          "image": {
            "type": "string",
            "format": "uri",
            "description": "The uri to an image relevant to the entity, such as a logo, avatar, photo, diagram, etc."
          },
          "name": {
            "type": "string",
            "description": "An informal or formal textual identifier for an object. Does not imply uniqueness.",
            "maxGraphemes": 640
          },
          "note": {
            "type": "string",
            "description": "Any useful textual information related to the item.",
            "maxGraphemes": 10000
          },
          "processClassifiedAs": {
            "type": "array",
            "items": {
              "type": "string"
            },
            "description": "References one or more uri's for a concept in a common taxonomy or other classification scheme for purposes of categorization or grouping; or can be one or more string classifications such as tags."
          },
          "processConformsTo": {
            "type": "string",
            "format": "at-uri",
            "description": "The standard specification or definition of a type of process."
          }
        }
      }
    }
  }
}
