{
  "lexicon": 1,
  "id": "org.openassociation.economicEvent",
  "defs": {
    "main": {
      "type": "record",
      "description": "An observed economic flow, which could reflect creation or a change in the quantity, location, accountability and/or responsibility, of an economic resource, whether material or not.",
      "key": "tid",
      "record": {
        "type": "object",
        "required": [
          "action"
        ],
        "properties": {
          "action": {
            "type": "string",
            "format": "at-uri",
            "description": "Defines the kind of flow, such as consume, produce, work, transfer, etc."
          },
          "inputOf": {
            "type": "string",
            "format": "at-uri",
            "description": "Relates an input flow to its process."
          },
          "outputOf": {
            "type": "string",
            "format": "at-uri",
            "description": "Relates an output flow to its process."
          },
          "resourceInventoriedAs": {
            "type": "string",
            "format": "at-uri",
            "description": "Economic resource involved in the flow."
          },
          "toResourceInventoriedAs": {
            "type": "string",
            "format": "at-uri",
            "description": "Additional economic resource on the economic event when needed by the receiver. Used when a transfer or move, or sometimes other actions, requires explicitly identifying an economic resource by the receiver, which is identified differently by the sender."
          },
          "provider": {
            "type": "string",
            "format": "did",
            "description": "The economic agent by whom the intended, committed, or actual economic event is initiated."
          },
          "receiver": {
            "type": "string",
            "format": "did",
            "description": "The economic agent whom the intended, committed, or actual economic event is for."
          },
          "corrects": {
            "type": "string",
            "format": "at-uri",
            "description": "Used when an event was entered incorrectly and needs to be backed out or corrected. (The initial event cannot be changed.)"
          },
          "settles": {
            "type": "array",
            "items": {
              "type": "string",
              "format": "at-uri"
            },
            "description": "The claim(s) settled fully or partially by the economic event."
          },
          "hasBeginning": {
            "type": "string",
            "format": "datetime",
            "description": "The planned or actual beginning date, and time if desired, of a flow or process."
          },
          "hasEnd": {
            "type": "string",
            "format": "datetime",
            "description": "The planned or actual ending date, and time if desired, of a flow or process."
          },
          "hasPointInTime": {
            "type": "string",
            "format": "datetime",
            "description": "The planned or actual date, and time if desired, of a flow; can be used instead of hasBeginning and hasEnd, if so, hasBeginning and hasEnd should be able to return this value."
          },
          "resourceQuantity": {
            "type": "ref",
            "ref": "org.openassociation.defs#measure",
            "description": "The amount and unit of the economic resource counted or inventoried."
          },
          "effortQuantity": {
            "type": "ref",
            "ref": "org.openassociation.defs#measure",
            "description": "The amount and unit of the work or use or citation effort-based action. This is often expressed with a time unit, but also could be cycle counts or other measures of effort or usefulness."
          },
          "created": {
            "type": "string",
            "format": "datetime",
            "description": "The date, and time if desired, the information was agreed to or recorded."
          },
          "toLocation": {
            "type": "string",
            "format": "at-uri",
            "description": "The new location of the receiver resource."
          },
          "image": {
            "type": "string",
            "format": "uri",
            "description": "The uri to an image relevant to the entity, such as a logo, avatar, photo, diagram, etc."
          },
          "note": {
            "type": "string",
            "description": "Any useful textual information related to the item.",
            "maxGraphemes": 10000
          },
          "fulfills": {
            "type": "array",
            "items": {
              "type": "string",
              "format": "at-uri"
            },
            "description": "The commitment(s) fulfilled completely or partially by an economic event."
          },
          "satisfies": {
            "type": "array",
            "items": {
              "type": "string",
              "format": "at-uri"
            },
            "description": "The intent(s) satisfied fully or partially by an economic event or commitment."
          },
          "resourceClassifiedAs": {
            "type": "array",
            "items": {
              "type": "string"
            },
            "description": "References one or more uri's for a concept in a common taxonomy or other classification scheme for purposes of categorization or grouping; or can be one or more string classifications such as tags."
          },
          "resourceConformsTo": {
            "type": "string",
            "format": "at-uri",
            "description": "The lowest level resource specification or definition of an existing or potential economic resource, whether one will ever be instantiated or not."
          },
          "state": {
            "type": "string",
            "description": "The required state of the desired input economic resource, after coming out of a test or review process."
          },
          "realizationOf": {
            "type": "string",
            "format": "at-uri",
            "description": "This non-reciprocal economic event occurs as part of this agreement."
          },
          "reciprocalRealizationOf": {
            "type": "string",
            "format": "at-uri",
            "description": "This reciprocal economic event occurs as part of this agreement."
          }
        }
      }
    }
  }
}
