{
  "lexicon": 1,
  "id": "org.openassociation.intent",
  "defs": {
    "main": {
      "type": "record",
      "description": "A desired or proposed or planned or estimated economic flow, usually with only one agent associated, which could become a commitment and/or economic event.",
      "key": "tid",
      "record": {
        "type": "object",
        "required": [
          "action"
        ],
        "properties": {
          "action": {
            "type": "string",
            "format": "at-uri",
            "description": "Defines the kind of flow, such as consume, produce, work, transfer, etc."
          },
          "inputOf": {
            "type": "string",
            "format": "at-uri",
            "description": "Relates an input flow to its process."
          },
          "outputOf": {
            "type": "string",
            "format": "at-uri",
            "description": "Relates an output flow to its process."
          },
          "plannedWithin": {
            "type": "string",
            "format": "at-uri",
            "description": "The process with its inputs and outputs, or the non-process commitment or intent, is part of the plan."
          },
          "resourceInventoriedAs": {
            "type": "string",
            "format": "at-uri",
            "description": "Economic resource involved in the flow."
          },
          "provider": {
            "type": "string",
            "format": "did",
            "description": "The economic agent by whom the intended, committed, or actual economic event is initiated."
          },
          "receiver": {
            "type": "string",
            "format": "did",
            "description": "The economic agent whom the intended, committed, or actual economic event is for."
          },
          "hasBeginning": {
            "type": "string",
            "format": "datetime",
            "description": "The planned or actual beginning date, and time if desired, of a flow or process."
          },
          "hasEnd": {
            "type": "string",
            "format": "datetime",
            "description": "The planned or actual ending date, and time if desired, of a flow or process."
          },
          "hasPointInTime": {
            "type": "string",
            "format": "datetime",
            "description": "The planned or actual date, and time if desired, of a flow; can be used instead of hasBeginning and hasEnd, if so, hasBeginning and hasEnd should be able to return this value."
          },
          "due": {
            "type": "string",
            "format": "datetime",
            "description": "The date, and time if desired, something is expected to be complete."
          },
          "resourceQuantity": {
            "type": "ref",
            "ref": "org.openassociation.defs#measure",
            "description": "The amount and unit of the economic resource counted or inventoried."
          },
          "effortQuantity": {
            "type": "ref",
            "ref": "org.openassociation.defs#measure",
            "description": "The amount and unit of the work or use or citation effort-based action. This is often expressed with a time unit, but also could be cycle counts or other measures of effort or usefulness."
          },
          "availableQuantity": {
            "type": "ref",
            "ref": "org.openassociation.defs#measure",
            "description": "The amount and unit of the offered resource currently available."
          },
          "minimumQuantity": {
            "type": "ref",
            "ref": "org.openassociation.defs#measure",
            "description": "The minimum required order amount and unit of the offered resource."
          },
          "image": {
            "type": "string",
            "format": "uri",
            "description": "The uri to an image relevant to the entity, such as a logo, avatar, photo, diagram, etc."
          },
          "imageList": {
            "type": "array",
            "items": {
              "type": "string",
              "format": "uri"
            },
            "description": "A comma separated list of uri addresses to images relevant to the resource."
          },
          "name": {
            "type": "string",
            "description": "An informal or formal textual identifier for an object. Does not imply uniqueness.",
            "maxGraphemes": 640
          },
          "note": {
            "type": "string",
            "description": "Any useful textual information related to the item.",
            "maxGraphemes": 10000
          },
          "finished": {
            "type": "boolean",
            "description": "The commitment or intent or process is complete or not.  This is irrespective of if the original goal has been met, and indicates simply that no more will be done.  Default false."
          },
          "resourceClassifiedAs": {
            "type": "array",
            "items": {
              "type": "string"
            },
            "description": "References one or more uri's for a concept in a common taxonomy or other classification scheme for purposes of categorization or grouping; or can be one or more string classifications such as tags."
          },
          "resourceConformsTo": {
            "type": "string",
            "format": "at-uri",
            "description": "The lowest level resource specification or definition of an existing or potential economic resource, whether one will ever be instantiated or not."
          },
          "stage": {
            "type": "string",
            "format": "at-uri",
            "description": "The required stage of the desired input economic resource. References the ProcessSpecification of the last process the economic resource went through."
          },
          "state": {
            "type": "string",
            "description": "The required state of the desired input economic resource, after coming out of a test or review process."
          }
        }
      }
    }
  }
}
