{
  "lexicon": 1,
  "id": "org.openassociation.person",
  "defs": {
    "main": {
      "type": "record",
      "description": "A human being. All persons are considered agents.",
      "key": "tid",
      "record": {
        "type": "object",
        "properties": {
          "primaryLocation": {
            "type": "string",
            "format": "at-uri",
            "description": "The main place an agent is located, often an address where activities occur and mail can be sent. This is usually a mappable geographic location."
          },
          "image": {
            "type": "string",
            "format": "uri",
            "description": "The uri to an image relevant to the entity, such as a logo, avatar, photo, diagram, etc."
          },
          "name": {
            "type": "string",
            "description": "An informal or formal textual identifier for an object. Does not imply uniqueness.",
            "maxGraphemes": 640
          },
          "note": {
            "type": "string",
            "description": "Any useful textual information related to the item.",
            "maxGraphemes": 10000
          }
        }
      }
    }
  }
}
