{
  "lexicon": 1,
  "id": "org.openassociation.recipeFlow",
  "defs": {
    "main": {
      "type": "record",
      "description": "The specification of a resource inflow to, or outflow from, a recipe process; and/or a clause, or reciprocal clause, of a recipe exchange.",
      "key": "tid",
      "record": {
        "type": "object",
        "required": [
          "action"
        ],
        "properties": {
          "action": {
            "type": "string",
            "format": "at-uri",
            "description": "Defines the kind of flow, such as consume, produce, work, transfer, etc."
          },
          "recipeInputOf": {
            "type": "string",
            "format": "at-uri",
            "description": "Relates an input flow to its process in a recipe."
          },
          "recipeOutputOf": {
            "type": "string",
            "format": "at-uri",
            "description": "Relates an output flow to its process in a recipe."
          },
          "recipeClauseOf": {
            "type": "string",
            "format": "at-uri",
            "description": "Relates a flow to its exchange agreement in a recipe."
          },
          "recipeReciprocalClauseOf": {
            "type": "string",
            "format": "at-uri",
            "description": "Relates a reciprocal flow to its exchange agreement in a recipe."
          },
          "resourceQuantity": {
            "type": "ref",
            "ref": "org.openassociation.defs#measure",
            "description": "The amount and unit of the economic resource counted or inventoried."
          },
          "effortQuantity": {
            "type": "ref",
            "ref": "org.openassociation.defs#measure",
            "description": "The amount and unit of the work or use or citation effort-based action. This is often expressed with a time unit, but also could be cycle counts or other measures of effort or usefulness."
          },
          "note": {
            "type": "string",
            "description": "Any useful textual information related to the item.",
            "maxGraphemes": 10000
          },
          "resourceClassifiedAs": {
            "type": "array",
            "items": {
              "type": "string"
            },
            "description": "References one or more uri's for a concept in a common taxonomy or other classification scheme for purposes of categorization or grouping; or can be one or more string classifications such as tags."
          },
          "resourceConformsTo": {
            "type": "string",
            "format": "at-uri",
            "description": "The lowest level resource specification or definition of an existing or potential economic resource, whether one will ever be instantiated or not."
          },
          "stage": {
            "type": "string",
            "format": "at-uri",
            "description": "The required stage of the desired input economic resource. References the ProcessSpecification of the last process the economic resource went through."
          },
          "state": {
            "type": "string",
            "description": "The required state of the desired input economic resource, after coming out of a test or review process."
          }
        }
      }
    }
  }
}
